iter	F1	Logloss
0	0.9505251155	0.4645631407
1	0.9763746931	0.3444165459
2	0.9828201622	0.2773039919
3	0.9887160968	0.2204892358
4	0.9913223336	0.1758368328
5	0.992532307	0.1436050997
6	0.9922549441	0.1140319628
7	0.9929742741	0.09556314563
8	0.99303836	0.08026256153
9	0.994282194	0.06897780312
10	0.9941504976	0.06104205181
11	0.9948629307	0.05423776361
12	0.9948489936	0.04805198878
13	0.9949143939	0.04428020461
14	0.9960985803	0.04084811545
15	0.9961017992	0.03721544267
16	0.99637655	0.03408166836
17	0.996433451	0.03131393695
18	0.9968244181	0.0281060283
19	0.9970673159	0.02622492643
20	0.9970397935	0.02414517748
21	0.9971021367	0.02217917371
22	0.9971193362	0.02042389828
23	0.9972924392	0.01836177443
24	0.9973838532	0.01676154941
25	0.9974871174	0.01559809446
26	0.9976495867	0.01405341727
27	0.9977539823	0.01307186838
28	0.9980899184	0.01216633574
29	0.9983872813	0.01104762698
30	0.9988034557	0.01059078845
31	0.9988897529	0.009948755842
32	0.9989555645	0.009310692987
33	0.9989944082	0.009067688466
34	0.9989566435	0.008309060825
35	0.9989544856	0.007893948725
36	0.999151972	0.007479187593
37	0.9992242953	0.007143998507
38	0.9992739562	0.006938708721
39	0.9992782748	0.006616115038
40	0.9993333398	0.006068553475
41	0.9993387387	0.005772823611
42	0.9993570952	0.005426416663
43	0.9993711331	0.005297968789
44	0.9993722129	0.005040767124
45	0.9994748092	0.004774136949
46	0.9995158536	0.004597236471
47	0.9995158536	0.004429687748
48	0.9995579817	0.004238499215
49	0.9995493397	0.004082249717
50	0.9995396177	0.003972442348
51	0.999546099	0.003792387704
52	0.9995352969	0.003586997439
53	0.9995320563	0.003482016247
54	0.9995374573	0.00339553416
55	0.9995374573	0.003285537675
56	0.999675743	0.003074814331
57	0.9996887092	0.002956148784
58	0.9997254487	0.002889219213
59	0.999736255	0.00280577378
60	0.9997611103	0.002577662295
61	0.9997697559	0.002517406838
62	0.9997805631	0.002463857233
63	0.9997816438	0.002384711476
64	0.9997978551	0.002268967215
65	0.9997989359	0.002207393539
66	0.9998000166	0.00214408732
67	0.9998075821	0.002022306841
68	0.9998140669	0.001975489404
69	0.9998065013	0.00191840324
70	0.9998151477	0.001871464777
71	0.9998216326	0.001830036863
72	0.9998486539	0.001751252212
73	0.999847573	0.001692991704
74	0.9998529774	0.001651365118
75	0.9998605437	0.001603354133
76	0.9998605437	0.001555888426
77	0.9998713529	0.001495519629
78	0.9998713529	0.001464518199
79	0.999869191	0.001402606404
80	0.999888648	0.001308084818
81	0.99989081	0.001269111232
82	0.99989081	0.001248681952
83	0.99989081	0.001221336755
84	0.999891891	0.001162718979
85	0.9998983768	0.001126925619
86	0.9999037818	0.001106694357
87	0.9999059438	0.001070573179
88	0.9999059438	0.00103677239
89	0.999916754	0.001016242469
90	0.9999210781	0.0009678809693
91	0.9999210781	0.0009408079569
92	0.9999254023	0.0009173932028
93	0.9999329696	0.0009036252723
94	0.9999351318	0.0008870473225
95	0.9999351318	0.0008655438393
96	0.9999459426	0.0008091014195
97	0.9999470236	0.0007904013588
98	0.9999470236	0.0007716222125
99	0.9999470236	0.0007434551476
100	0.9999470236	0.0007267859705
101	0.9999470236	0.0007163928955
102	0.999951348	0.0006989561852
103	0.999951348	0.0006872001578
104	0.9999524291	0.0006477879429
105	0.9999599969	0.0006389608952
106	0.9999599969	0.0006389608952
107	0.9999599969	0.000626638859
108	0.9999599969	0.0006099758399
109	0.9999599969	0.0005833750265
110	0.9999599969	0.0005726381656
111	0.9999599969	0.0005726285615
112	0.9999599969	0.0005726104889
113	0.9999599969	0.0005726104889
114	0.9999599969	0.0005726104889
115	0.9999643214	0.0005536195707
116	0.9999643214	0.0005451159644
117	0.9999664837	0.0005268700028
118	0.9999664837	0.0005268700028
119	0.9999664837	0.0005268573461
120	0.9999664837	0.0005268573461
121	0.9999664837	0.0005268513452
122	0.9999654026	0.0005172241994
123	0.9999654026	0.0005172241994
124	0.9999664837	0.0005065206387
125	0.9999675648	0.0004972840156
126	0.9999675648	0.0004869526658
127	0.9999675648	0.0004869526658
128	0.9999675648	0.0004869526658
129	0.9999675648	0.0004869359238
130	0.9999675648	0.0004728903351
131	0.9999675648	0.0004728903351
132	0.9999675648	0.0004728903351
133	0.9999675648	0.0004728903351
134	0.9999675648	0.0004567638533
135	0.9999675648	0.0004567638533
136	0.9999675648	0.0004567638533
137	0.9999675648	0.0004567638533
138	0.9999675648	0.0004453530355
139	0.9999675648	0.0004453476442
140	0.9999675648	0.0004453476442
141	0.9999675648	0.0004453476442
142	0.9999675648	0.0004453438294
143	0.9999675648	0.0004453438294
144	0.9999675648	0.0004453438294
145	0.9999675648	0.0004453347019
146	0.9999675648	0.0004453347019
147	0.9999675648	0.0004453347019
148	0.9999675648	0.0004453347019
149	0.9999675648	0.0004453347019
150	0.9999675648	0.0004453347019
151	0.9999675648	0.0004453347019
152	0.9999675648	0.0004453347019
153	0.9999675648	0.0004453347019
154	0.9999675648	0.0004453347019
155	0.9999675648	0.0004453300479
156	0.9999675648	0.0004453300479
157	0.9999675648	0.0004453300479
158	0.9999675648	0.0004453300479
159	0.9999675648	0.0004453300479
160	0.9999675648	0.0004453300479
161	0.9999675648	0.0004453300479
162	0.9999675648	0.0004453300479
163	0.9999675648	0.0004453300479
164	0.9999675648	0.0004453300479
165	0.9999675648	0.0004453300479
166	0.9999675648	0.0004453300479
167	0.9999675648	0.0004453300479
168	0.9999675648	0.0004327037608
169	0.9999675648	0.0004327037608
170	0.9999675648	0.0004327037608
171	0.9999675648	0.0004326971637
172	0.9999675648	0.0004326971637
173	0.9999675648	0.0004326905661
174	0.9999675648	0.0004326839722
175	0.9999675648	0.0004326839722
176	0.9999675648	0.0004326839722
177	0.9999675648	0.0004326773752
178	0.9999675648	0.0004326773752
179	0.9999675648	0.0004326773752
180	0.9999675648	0.0004326773752
181	0.9999675648	0.0004326773752
182	0.9999675648	0.0004326773752
183	0.9999675648	0.0004326707826
184	0.9999675648	0.0004326707826
185	0.9999675648	0.0004326707826
186	0.9999675648	0.0004326707826
187	0.9999675648	0.0004326707826
188	0.9999675648	0.0004326707826
189	0.9999675648	0.0004326707826
190	0.9999675648	0.0004326707826
191	0.9999675648	0.0004326707826
192	0.9999675648	0.0004326641916
193	0.9999675648	0.0004326641916
194	0.9999675648	0.0004326641916
195	0.9999675648	0.0004326641916
196	0.9999675648	0.0004326641916
197	0.9999675648	0.0004326641916
198	0.9999675648	0.0004326641916
199	0.9999675648	0.0004326641916
200	0.9999675648	0.0004326641916
201	0.9999675648	0.0004326641916
202	0.9999675648	0.0004326641916
203	0.9999675648	0.0004326641916
204	0.9999675648	0.0004326641916
205	0.9999675648	0.0004326641916
206	0.9999675648	0.0004326641916
207	0.9999675648	0.0004326641916
208	0.9999675648	0.0004326641916
209	0.9999675648	0.0004326641916
210	0.9999675648	0.0004326641916
211	0.9999675648	0.0004326641916
212	0.9999675648	0.0004326641916
213	0.9999675648	0.0004326641916
214	0.9999675648	0.0004326641916
215	0.9999675648	0.0004326641916
216	0.9999675648	0.0004326641916
217	0.9999675648	0.0004326641916
218	0.9999675648	0.0004326641916
219	0.9999675648	0.0004326641916
220	0.9999675648	0.0004326641916
221	0.9999675648	0.0004326641916
222	0.9999675648	0.0004326641916
223	0.9999675648	0.0004326641916
224	0.9999675648	0.0004326641916
225	0.9999675648	0.0004326641916
226	0.9999675648	0.0004326641916
227	0.9999675648	0.0004326641916
228	0.9999675648	0.0004326641916
229	0.9999675648	0.0004326641916
230	0.9999675648	0.0004326641916
231	0.9999675648	0.0004326641916
232	0.9999675648	0.0004326641916
233	0.9999675648	0.0004326641916
234	0.9999675648	0.0004326641916
235	0.9999675648	0.0004326641916
236	0.9999675648	0.0004326641916
237	0.9999675648	0.0004326641916
238	0.9999675648	0.0004326641916
239	0.9999675648	0.0004326641916
240	0.9999675648	0.0004326641916
241	0.9999675648	0.0004326641916
242	0.9999675648	0.0004326641916
243	0.9999675648	0.0004326641916
244	0.9999675648	0.0004326641916
245	0.9999675648	0.0004326641916
246	0.9999675648	0.0004326641916
247	0.9999675648	0.0004326641916
248	0.9999675648	0.0004326641916
249	0.9999675648	0.0004326641916
250	0.9999675648	0.0004326641916
251	0.9999675648	0.0004326641916
252	0.9999675648	0.0004326641916
253	0.9999675648	0.0004326641916
254	0.9999675648	0.0004326641916
255	0.9999675648	0.0004326641916
256	0.9999675648	0.0004326641916
257	0.9999675648	0.0004326641916
258	0.9999675648	0.0004326641916
259	0.9999675648	0.0004326641916
260	0.9999675648	0.0004326641916
261	0.9999675648	0.0004326641916
262	0.9999675648	0.0004326641916
263	0.9999675648	0.0004326641916
264	0.9999675648	0.0004326641916
265	0.9999675648	0.0004326641916
266	0.9999675648	0.0004326641916
267	0.9999675648	0.0004326641916
268	0.9999675648	0.0004326641916
269	0.9999675648	0.0004326641916
270	0.9999675648	0.0004326641916
271	0.9999675648	0.0004326641916
272	0.9999675648	0.0004326641916
273	0.9999675648	0.0004326641916
274	0.9999675648	0.0004326641916
275	0.9999675648	0.0004326641916
276	0.9999675648	0.0004326641916
277	0.9999675648	0.0004326641916
278	0.9999675648	0.0004326641916
279	0.9999675648	0.0004326641916
280	0.9999675648	0.0004326641916
281	0.9999675648	0.0004326641916
282	0.9999675648	0.0004326641916
283	0.9999675648	0.0004326641916
284	0.9999675648	0.0004326641916
285	0.9999675648	0.0004326641916
286	0.9999675648	0.0004326641916
287	0.9999675648	0.0004326641916
288	0.9999675648	0.0004326641916
289	0.9999675648	0.0004326641916
290	0.9999675648	0.0004326641916
291	0.9999675648	0.0004326641916
292	0.9999675648	0.0004326641916
293	0.9999675648	0.0004326641916
294	0.9999675648	0.0004326641916
295	0.9999675648	0.0004326641916
296	0.9999675648	0.0004326641916
297	0.9999675648	0.0004326641916
298	0.9999675648	0.0004326641916
299	0.9999675648	0.0004326641916
300	0.9999675648	0.0004326641916
301	0.9999675648	0.0004326641916
302	0.9999675648	0.0004326641916
303	0.9999675648	0.0004326641916
304	0.9999675648	0.0004326641916
305	0.9999675648	0.0004326641916
306	0.9999675648	0.0004326641916
307	0.9999675648	0.0004326641916
308	0.9999675648	0.0004326641916
309	0.9999675648	0.0004326641916
310	0.9999675648	0.0004326641916
311	0.9999675648	0.0004326641916
312	0.9999675648	0.0004326641916
313	0.9999675648	0.0004326641916
314	0.9999675648	0.0004326641916
315	0.9999675648	0.0004326641916
316	0.9999675648	0.0004326641916
317	0.9999675648	0.0004326641916
318	0.9999675648	0.0004326641916
319	0.9999675648	0.0004326641916
320	0.9999675648	0.0004326641916
321	0.9999675648	0.0004326641916
322	0.9999675648	0.0004326641916
323	0.9999675648	0.0004326641916
324	0.9999675648	0.0004326641916
325	0.9999675648	0.0004326641916
326	0.9999675648	0.0004326641916
327	0.9999675648	0.0004326641916
328	0.9999675648	0.0004326641916
329	0.9999675648	0.0004326641916
330	0.9999675648	0.0004326641916
331	0.9999675648	0.0004326641916
332	0.9999675648	0.0004326641916
333	0.9999675648	0.0004326641916
334	0.9999675648	0.0004326641916
335	0.9999675648	0.0004326641916
336	0.9999675648	0.0004326641916
337	0.9999675648	0.0004326641916
338	0.9999675648	0.0004326641916
339	0.9999675648	0.0004326641916
340	0.9999675648	0.0004326641916
341	0.9999675648	0.0004326641916
342	0.9999675648	0.0004326641916
343	0.9999675648	0.0004326641916
344	0.9999675648	0.0004326641916
345	0.9999675648	0.0004326641916
346	0.9999675648	0.0004326641916
347	0.9999675648	0.0004326641916
348	0.9999675648	0.0004326641916
349	0.9999675648	0.0004326641916
350	0.9999675648	0.0004326641916
351	0.9999675648	0.0004326641916
352	0.9999675648	0.0004326641916
353	0.9999675648	0.0004326641916
354	0.9999675648	0.0004326641916
355	0.9999675648	0.0004326641916
356	0.9999675648	0.0004326641916
357	0.9999675648	0.0004326641916
358	0.9999675648	0.0004326641916
359	0.9999675648	0.0004326641916
360	0.9999675648	0.0004326641916
361	0.9999675648	0.0004326641916
362	0.9999675648	0.0004326641916
363	0.9999675648	0.0004326641916
364	0.9999675648	0.0004326641916
365	0.9999675648	0.0004326641916
366	0.9999675648	0.0004326641916
367	0.9999675648	0.0004326641916
368	0.9999675648	0.0004326641916
369	0.9999675648	0.0004326641916
370	0.9999675648	0.0004326641916
371	0.9999675648	0.0004326641916
372	0.9999675648	0.0004326641916
373	0.9999675648	0.0004326641916
374	0.9999675648	0.0004326641916
375	0.9999675648	0.0004326641916
376	0.9999675648	0.0004326641916
377	0.9999675648	0.0004326641916
378	0.9999675648	0.0004326641916
379	0.9999675648	0.0004326641916
380	0.9999675648	0.0004326641916
381	0.9999675648	0.0004326641916
382	0.9999675648	0.0004326641916
383	0.9999675648	0.0004326641916
384	0.9999675648	0.0004326641916
385	0.9999675648	0.0004326641916
386	0.9999675648	0.0004326641916
387	0.9999675648	0.0004326641916
388	0.9999675648	0.0004326641916
389	0.9999675648	0.0004326641916
390	0.9999675648	0.0004326641916
391	0.9999675648	0.0004326641916
392	0.9999675648	0.0004326641916
393	0.9999675648	0.0004326641916
394	0.9999675648	0.0004326641916
395	0.9999675648	0.0004326641916
396	0.9999675648	0.0004326641916
397	0.9999675648	0.0004326641916
398	0.9999675648	0.0004326641916
399	0.9999675648	0.0004326641916
400	0.9999675648	0.0004326641916
401	0.9999675648	0.0004326641916
402	0.9999675648	0.0004326641916
403	0.9999675648	0.0004326641916
404	0.9999675648	0.0004326641916
405	0.9999675648	0.0004326641916
406	0.9999675648	0.0004326641916
407	0.9999675648	0.0004326641916
408	0.9999675648	0.0004326641916
409	0.9999675648	0.0004326641916
410	0.9999675648	0.0004326641916
411	0.9999675648	0.0004326641916
412	0.9999675648	0.0004326641916
413	0.9999675648	0.0004326641916
414	0.9999675648	0.0004326641916
415	0.9999675648	0.0004326641916
416	0.9999675648	0.0004326641916
417	0.9999675648	0.0004326641916
418	0.9999675648	0.0004326641916
419	0.9999675648	0.0004326641916
420	0.9999675648	0.0004326641916
421	0.9999675648	0.0004326641916
422	0.9999675648	0.0004326641916
423	0.9999675648	0.0004326641916
424	0.9999675648	0.0004326641916
425	0.9999675648	0.0004326641916
426	0.9999675648	0.0004326641916
427	0.9999675648	0.0004326641916
428	0.9999675648	0.0004326641916
429	0.9999675648	0.0004326641916
430	0.9999675648	0.0004326641916
431	0.9999675648	0.0004326641916
432	0.9999675648	0.0004326641916
433	0.9999675648	0.0004326641916
434	0.9999675648	0.0004326641916
435	0.9999675648	0.0004326641916
436	0.9999675648	0.0004326641916
437	0.9999675648	0.0004326641916
438	0.9999675648	0.0004326641916
439	0.9999675648	0.0004326641916
440	0.9999675648	0.0004326641916
441	0.9999675648	0.0004326641916
442	0.9999675648	0.0004326641916
443	0.9999675648	0.0004326641916
444	0.9999675648	0.0004326641916
445	0.9999675648	0.0004326641916
446	0.9999675648	0.0004326641916
447	0.9999675648	0.0004326641916
448	0.9999675648	0.0004326641916
449	0.9999675648	0.0004326641916
450	0.9999675648	0.0004326641916
451	0.9999675648	0.0004326641916
452	0.9999675648	0.0004326641916
453	0.9999675648	0.0004326641916
454	0.9999675648	0.0004326641916
455	0.9999675648	0.0004326641916
456	0.9999675648	0.0004326641916
457	0.9999675648	0.0004326641916
458	0.9999675648	0.0004326641916
459	0.9999675648	0.0004326641916
460	0.9999675648	0.0004326641916
461	0.9999675648	0.0004326641916
462	0.9999675648	0.0004326641916
463	0.9999675648	0.0004326641916
464	0.9999675648	0.0004326641916
465	0.9999675648	0.0004326641916
466	0.9999675648	0.0004326641916
467	0.9999675648	0.0004326641916
468	0.9999675648	0.0004326641916
469	0.9999675648	0.0004326641916
470	0.9999675648	0.0004326641916
471	0.9999675648	0.0004326641916
472	0.9999675648	0.0004326641916
473	0.9999675648	0.0004326641916
474	0.9999675648	0.0004326641916
475	0.9999675648	0.0004326641916
476	0.9999675648	0.0004326641916
477	0.9999675648	0.0004326641916
478	0.9999675648	0.0004326641916
479	0.9999675648	0.0004326641916
480	0.9999675648	0.0004326641916
481	0.9999675648	0.0004326641916
482	0.9999675648	0.0004326641916
483	0.9999675648	0.0004326641916
484	0.9999675648	0.0004326641916
485	0.9999675648	0.0004326641916
486	0.9999675648	0.0004326641916
487	0.9999675648	0.0004326641916
488	0.9999675648	0.0004326641916
489	0.9999675648	0.0004326641916
490	0.9999675648	0.0004326641916
491	0.9999675648	0.0004326641916
492	0.9999675648	0.0004326641916
493	0.9999675648	0.0004326641916
494	0.9999675648	0.0004326641916
495	0.9999675648	0.0004326641916
496	0.9999675648	0.0004326641916
497	0.9999675648	0.0004326641916
498	0.9999675648	0.0004326641916
499	0.9999675648	0.0004326641916
500	0.9999675648	0.0004326641916
501	0.9999675648	0.0004326641916
502	0.9999675648	0.0004326641916
503	0.9999675648	0.0004326641916
504	0.9999675648	0.0004326641916
505	0.9999675648	0.0004326641916
506	0.9999675648	0.0004326641916
507	0.9999675648	0.0004326641916
508	0.9999675648	0.0004326641916
509	0.9999675648	0.0004326641916
510	0.9999675648	0.0004326641916
511	0.9999675648	0.0004326641916
512	0.9999675648	0.0004326641916
513	0.9999675648	0.0004326641916
514	0.9999675648	0.0004326641916
515	0.9999675648	0.0004326641916
516	0.9999675648	0.0004326641916
517	0.9999675648	0.0004326641916
518	0.9999675648	0.0004326641916
519	0.9999675648	0.0004326641916
520	0.9999675648	0.0004326641916
521	0.9999675648	0.0004326641916
522	0.9999675648	0.0004326641916
523	0.9999675648	0.0004326641916
524	0.9999675648	0.0004326641916
525	0.9999675648	0.0004326641916
526	0.9999675648	0.0004326641916
527	0.9999675648	0.0004326641916
528	0.9999675648	0.0004326641916
529	0.9999675648	0.0004326641916
530	0.9999675648	0.0004326641916
531	0.9999675648	0.0004326641916
532	0.9999675648	0.0004326641916
533	0.9999675648	0.0004326641916
534	0.9999675648	0.0004326641916
535	0.9999675648	0.0004326641916
536	0.9999675648	0.0004326641916
537	0.9999675648	0.0004326641916
538	0.9999675648	0.0004326641916
539	0.9999675648	0.0004326641916
540	0.9999675648	0.0004326641916
541	0.9999675648	0.0004326641916
542	0.9999675648	0.0004326641916
543	0.9999675648	0.0004326641916
544	0.9999675648	0.0004326641916
545	0.9999675648	0.0004326641916
546	0.9999675648	0.0004326641916
547	0.9999675648	0.0004326641916
548	0.9999675648	0.0004326641916
549	0.9999675648	0.0004326641916
550	0.9999675648	0.0004326641916
551	0.9999675648	0.0004326641916
552	0.9999675648	0.0004326641916
553	0.9999675648	0.0004326641916
554	0.9999675648	0.0004326641916
555	0.9999675648	0.0004326641916
556	0.9999675648	0.0004326641916
557	0.9999675648	0.0004326641916
558	0.9999675648	0.0004326641916
559	0.9999675648	0.0004326641916
560	0.9999675648	0.0004326641916
561	0.9999675648	0.0004326641916
562	0.9999675648	0.0004326641916
563	0.9999675648	0.0004326641916
564	0.9999675648	0.0004326641916
565	0.9999675648	0.0004326641916
566	0.9999675648	0.0004326641916
567	0.9999675648	0.0004326641916
568	0.9999675648	0.0004326641916
569	0.9999675648	0.0004326641916
570	0.9999675648	0.0004326641916
571	0.9999675648	0.0004326641916
572	0.9999675648	0.0004326641916
573	0.9999675648	0.0004326641916
574	0.9999675648	0.0004326641916
575	0.9999675648	0.0004326641916
576	0.9999675648	0.0004326641916
577	0.9999675648	0.0004326641916
578	0.9999675648	0.0004326641916
579	0.9999675648	0.0004326641916
580	0.9999675648	0.0004326641916
581	0.9999675648	0.0004326641916
582	0.9999675648	0.0004326641916
583	0.9999675648	0.0004326641916
584	0.9999675648	0.0004326641916
585	0.9999675648	0.0004326641916
586	0.9999675648	0.0004326641916
587	0.9999675648	0.0004326641916
588	0.9999675648	0.0004326641916
589	0.9999675648	0.0004326641916
590	0.9999675648	0.0004326641916
591	0.9999675648	0.0004326641916
592	0.9999675648	0.0004326641916
593	0.9999675648	0.0004326641916
594	0.9999675648	0.0004326641916
595	0.9999675648	0.0004326641916
596	0.9999675648	0.0004326641916
597	0.9999675648	0.0004326641916
598	0.9999675648	0.0004326641916
599	0.9999675648	0.0004326641916
600	0.9999675648	0.0004326641916
601	0.9999675648	0.0004326641916
602	0.9999675648	0.0004326641916
603	0.9999675648	0.0004326641916
604	0.9999675648	0.0004326641916
605	0.9999675648	0.0004326641916
606	0.9999675648	0.0004326641916
607	0.9999675648	0.0004326641916
608	0.9999675648	0.0004326641916
609	0.9999675648	0.0004326641916
610	0.9999675648	0.0004326641916
611	0.9999675648	0.0004326641916
612	0.9999675648	0.0004326641916
613	0.9999675648	0.0004326641916
614	0.9999675648	0.0004326641916
615	0.9999675648	0.0004326641916
616	0.9999675648	0.0004326641916
617	0.9999675648	0.0004326641916
618	0.9999675648	0.0004326641916
619	0.9999675648	0.0004326641916
620	0.9999675648	0.0004326641916
621	0.9999675648	0.0004326641916
622	0.9999675648	0.0004326641916
623	0.9999675648	0.0004326641916
624	0.9999675648	0.0004326641916
625	0.9999675648	0.0004326641916
626	0.9999675648	0.0004326641916
627	0.9999675648	0.0004326641916
628	0.9999675648	0.0004326641916
629	0.9999675648	0.0004326641916
630	0.9999675648	0.0004326641916
631	0.9999675648	0.0004326641916
632	0.9999675648	0.0004326641916
633	0.9999675648	0.0004326641916
634	0.9999675648	0.0004326641916
635	0.9999675648	0.0004326641916
636	0.9999675648	0.0004326641916
637	0.9999675648	0.0004326641916
638	0.9999675648	0.0004326641916
639	0.9999675648	0.0004326641916
640	0.9999675648	0.0004326641916
641	0.9999675648	0.0004326641916
642	0.9999675648	0.0004326641916
643	0.9999675648	0.0004326641916
644	0.9999675648	0.0004326641916
645	0.9999675648	0.0004326641916
646	0.9999675648	0.0004326641916
647	0.9999675648	0.0004326641916
648	0.9999675648	0.0004326641916
649	0.9999675648	0.0004326641916
650	0.9999675648	0.0004326641916
651	0.9999675648	0.0004326641916
652	0.9999675648	0.0004326641916
653	0.9999675648	0.0004326641916
654	0.9999675648	0.0004326641916
655	0.9999675648	0.0004326641916
656	0.9999675648	0.0004326641916
657	0.9999675648	0.0004326641916
658	0.9999675648	0.0004326641916
659	0.9999675648	0.0004326641916
660	0.9999675648	0.0004326641916
661	0.9999675648	0.0004326641916
662	0.9999675648	0.0004326641916
663	0.9999675648	0.0004326641916
664	0.9999675648	0.0004326641916
665	0.9999675648	0.0004326641916
666	0.9999675648	0.0004326641916
667	0.9999675648	0.0004326641916
668	0.9999675648	0.0004326641916
669	0.9999675648	0.0004326641916
670	0.9999675648	0.0004326641916
671	0.9999675648	0.0004326641916
672	0.9999675648	0.0004326641916
673	0.9999675648	0.0004326641916
674	0.9999675648	0.0004326641916
675	0.9999675648	0.0004326641916
676	0.9999675648	0.0004326641916
677	0.9999675648	0.0004326641916
678	0.9999675648	0.0004326641916
679	0.9999675648	0.0004326641916
680	0.9999675648	0.0004326641916
681	0.9999675648	0.0004326641916
682	0.9999675648	0.0004326641916
683	0.9999675648	0.0004326641916
684	0.9999675648	0.0004326641916
685	0.9999675648	0.0004326641916
686	0.9999675648	0.0004326641916
687	0.9999675648	0.0004326641916
688	0.9999675648	0.0004326641916
689	0.9999675648	0.0004326641916
690	0.9999675648	0.0004326641916
691	0.9999675648	0.0004326641916
692	0.9999675648	0.0004326641916
693	0.9999675648	0.0004326641916
694	0.9999675648	0.0004326641916
695	0.9999675648	0.0004326641916
696	0.9999675648	0.0004326641916
697	0.9999675648	0.0004326641916
698	0.9999675648	0.0004326641916
699	0.9999675648	0.0004326641916
700	0.9999675648	0.0004326641916
701	0.9999675648	0.0004326641916
702	0.9999675648	0.0004326641916
703	0.9999675648	0.0004326641916
704	0.9999675648	0.0004326641916
705	0.9999675648	0.0004326641916
706	0.9999675648	0.0004326641916
707	0.9999675648	0.0004326641916
708	0.9999675648	0.0004326641916
709	0.9999675648	0.0004326641916
710	0.9999675648	0.0004326641916
711	0.9999675648	0.0004326641916
712	0.9999675648	0.0004326641916
713	0.9999675648	0.0004326641916
714	0.9999675648	0.0004326641916
715	0.9999675648	0.0004326641916
716	0.9999675648	0.0004326641916
717	0.9999675648	0.0004326641916
718	0.9999675648	0.0004326641916
719	0.9999675648	0.0004326641916
720	0.9999675648	0.0004326641916
721	0.9999675648	0.0004326641916
722	0.9999675648	0.0004326641916
723	0.9999675648	0.0004326641916
724	0.9999675648	0.0004326641916
725	0.9999675648	0.0004326641916
726	0.9999675648	0.0004326641916
727	0.9999675648	0.0004326641916
728	0.9999675648	0.0004326641916
729	0.9999675648	0.0004326641916
730	0.9999675648	0.0004326641916
731	0.9999675648	0.0004326641916
732	0.9999675648	0.0004326641916
733	0.9999675648	0.0004326641916
734	0.9999675648	0.0004326641916
735	0.9999675648	0.0004326641916
736	0.9999675648	0.0004326641916
737	0.9999675648	0.0004326641916
738	0.9999675648	0.0004326641916
739	0.9999675648	0.0004326641916
740	0.9999675648	0.0004326641916
741	0.9999675648	0.0004326641916
742	0.9999675648	0.0004326641916
743	0.9999675648	0.0004326641916
744	0.9999675648	0.0004326641916
745	0.9999675648	0.0004326641916
746	0.9999675648	0.0004326641916
747	0.9999675648	0.0004326641916
748	0.9999675648	0.0004326641916
749	0.9999675648	0.0004326641916
750	0.9999675648	0.0004326641916
751	0.9999675648	0.0004326641916
752	0.9999675648	0.0004326641916
753	0.9999675648	0.0004326641916
754	0.9999675648	0.0004326641916
755	0.9999675648	0.0004326641916
756	0.9999675648	0.0004326641916
757	0.9999675648	0.0004326641916
758	0.9999675648	0.0004326641916
759	0.9999675648	0.0004326641916
760	0.9999675648	0.0004326641916
761	0.9999675648	0.0004326641916
762	0.9999675648	0.0004326641916
763	0.9999675648	0.0004326641916
764	0.9999675648	0.0004326641916
765	0.9999675648	0.0004326641916
766	0.9999675648	0.0004326641916
767	0.9999675648	0.0004326641916
768	0.9999675648	0.0004326641916
769	0.9999675648	0.0004326641916
770	0.9999675648	0.0004326641916
771	0.9999675648	0.0004326641916
772	0.9999675648	0.0004326641916
773	0.9999675648	0.0004326641916
774	0.9999675648	0.0004326641916
775	0.9999675648	0.0004326641916
776	0.9999675648	0.0004326641916
777	0.9999675648	0.0004326641916
778	0.9999675648	0.0004326641916
779	0.9999675648	0.0004326641916
780	0.9999675648	0.0004326641916
781	0.9999675648	0.0004326641916
782	0.9999675648	0.0004326641916
783	0.9999675648	0.0004326641916
784	0.9999675648	0.0004326641916
785	0.9999675648	0.0004326641916
786	0.9999675648	0.0004326641916
787	0.9999675648	0.0004326641916
788	0.9999675648	0.0004326641916
789	0.9999675648	0.0004326641916
790	0.9999675648	0.0004326641916
791	0.9999675648	0.0004326641916
792	0.9999675648	0.0004326641916
793	0.9999675648	0.0004326641916
794	0.9999675648	0.0004326641916
795	0.9999675648	0.0004326641916
796	0.9999675648	0.0004326641916
797	0.9999675648	0.0004326641916
798	0.9999675648	0.0004326641916
799	0.9999675648	0.0004326641916
800	0.9999675648	0.0004326641916
801	0.9999675648	0.0004326641916
802	0.9999675648	0.0004326641916
803	0.9999675648	0.0004326641916
804	0.9999675648	0.0004326641916
805	0.9999675648	0.0004326641916
806	0.9999675648	0.0004326641916
807	0.9999675648	0.0004326641916
808	0.9999675648	0.0004326641916
809	0.9999675648	0.0004326641916
810	0.9999675648	0.0004326641916
811	0.9999675648	0.0004326641916
812	0.9999675648	0.0004326641916
813	0.9999675648	0.0004326641916
814	0.9999675648	0.0004326641916
815	0.9999675648	0.0004326641916
816	0.9999675648	0.0004326641916
817	0.9999675648	0.0004326641916
818	0.9999675648	0.0004326641916
819	0.9999675648	0.0004326641916
820	0.9999675648	0.0004326641916
821	0.9999675648	0.0004326641916
822	0.9999675648	0.0004326641916
823	0.9999675648	0.0004326641916
824	0.9999675648	0.0004326641916
825	0.9999675648	0.0004326641916
826	0.9999675648	0.0004326641916
827	0.9999675648	0.0004326641916
828	0.9999675648	0.0004326641916
829	0.9999675648	0.0004326641916
830	0.9999675648	0.0004326641916
831	0.9999675648	0.0004326641916
832	0.9999675648	0.0004326641916
833	0.9999675648	0.0004326641916
834	0.9999675648	0.0004326641916
835	0.9999675648	0.0004326641916
836	0.9999675648	0.0004326641916
837	0.9999675648	0.0004326641916
838	0.9999675648	0.0004326641916
839	0.9999675648	0.0004326641916
840	0.9999675648	0.0004326641916
841	0.9999675648	0.0004326641916
842	0.9999675648	0.0004326641916
843	0.9999675648	0.0004326641916
844	0.9999675648	0.0004326641916
845	0.9999675648	0.0004326641916
846	0.9999675648	0.0004326641916
847	0.9999675648	0.0004326641916
848	0.9999675648	0.0004326641916
849	0.9999675648	0.0004326641916
850	0.9999675648	0.0004326641916
851	0.9999675648	0.0004326641916
852	0.9999675648	0.0004326641916
853	0.9999675648	0.0004326641916
854	0.9999675648	0.0004326641916
855	0.9999675648	0.0004326641916
856	0.9999675648	0.0004326641916
857	0.9999675648	0.0004326641916
858	0.9999675648	0.0004326641916
859	0.9999675648	0.0004326641916
860	0.9999675648	0.0004326641916
861	0.9999675648	0.0004326641916
862	0.9999675648	0.0004326641916
863	0.9999675648	0.0004326641916
864	0.9999675648	0.0004326641916
865	0.9999675648	0.0004326641916
866	0.9999675648	0.0004326641916
867	0.9999675648	0.0004326641916
868	0.9999675648	0.0004326641916
869	0.9999675648	0.0004326641916
870	0.9999675648	0.0004326641916
871	0.9999675648	0.0004326641916
872	0.9999675648	0.0004326641916
873	0.9999675648	0.0004326641916
874	0.9999675648	0.0004326641916
875	0.9999675648	0.0004326641916
876	0.9999675648	0.0004326641916
877	0.9999675648	0.0004326641916
878	0.9999675648	0.0004326641916
879	0.9999675648	0.0004326641916
880	0.9999675648	0.0004326641916
881	0.9999675648	0.0004326641916
882	0.9999675648	0.0004326641916
883	0.9999675648	0.0004326641916
884	0.9999675648	0.0004326641916
885	0.9999675648	0.0004326641916
886	0.9999675648	0.0004326641916
887	0.9999675648	0.0004326641916
888	0.9999675648	0.0004326641916
889	0.9999675648	0.0004326641916
890	0.9999675648	0.0004326641916
891	0.9999675648	0.0004326641916
892	0.9999675648	0.0004326641916
893	0.9999675648	0.0004326641916
894	0.9999675648	0.0004326641916
895	0.9999675648	0.0004326641916
896	0.9999675648	0.0004326641916
897	0.9999675648	0.0004326641916
898	0.9999675648	0.0004326641916
899	0.9999675648	0.0004326641916
900	0.9999675648	0.0004326641916
901	0.9999675648	0.0004326641916
902	0.9999675648	0.0004326641916
903	0.9999675648	0.0004326641916
904	0.9999675648	0.0004326641916
905	0.9999675648	0.0004326641916
906	0.9999675648	0.0004326641916
907	0.9999675648	0.0004326641916
908	0.9999675648	0.0004326641916
909	0.9999675648	0.0004326641916
910	0.9999675648	0.0004326641916
911	0.9999675648	0.0004326641916
912	0.9999675648	0.0004326641916
913	0.9999675648	0.0004326641916
914	0.9999675648	0.0004326641916
915	0.9999675648	0.0004326641916
916	0.9999675648	0.0004326641916
917	0.9999675648	0.0004326641916
918	0.9999675648	0.0004326641916
919	0.9999675648	0.0004326641916
920	0.9999675648	0.0004326641916
921	0.9999675648	0.0004326641916
922	0.9999675648	0.0004326641916
923	0.9999675648	0.0004326641916
924	0.9999675648	0.0004326641916
925	0.9999675648	0.0004326641916
926	0.9999675648	0.0004326641916
927	0.9999675648	0.0004326641916
928	0.9999675648	0.0004326641916
929	0.9999675648	0.0004326641916
930	0.9999675648	0.0004326641916
931	0.9999675648	0.0004326641916
932	0.9999675648	0.0004326641916
933	0.9999675648	0.0004326641916
934	0.9999675648	0.0004326641916
935	0.9999675648	0.0004326641916
936	0.9999675648	0.0004326641916
937	0.9999675648	0.0004326641916
938	0.9999675648	0.0004326641916
939	0.9999675648	0.0004326641916
940	0.9999675648	0.0004326641916
941	0.9999675648	0.0004326641916
942	0.9999675648	0.0004326641916
943	0.9999675648	0.0004326641916
944	0.9999675648	0.0004326641916
945	0.9999675648	0.0004326641916
946	0.9999675648	0.0004326641916
947	0.9999675648	0.0004326641916
948	0.9999675648	0.0004326641916
949	0.9999675648	0.0004326641916
950	0.9999675648	0.0004326641916
951	0.9999675648	0.0004326641916
952	0.9999675648	0.0004326641916
953	0.9999675648	0.0004326641916
954	0.9999675648	0.0004326641916
955	0.9999675648	0.0004326641916
956	0.9999675648	0.0004326641916
957	0.9999675648	0.0004326641916
958	0.9999675648	0.0004326641916
959	0.9999675648	0.0004326641916
960	0.9999675648	0.0004326641916
961	0.9999675648	0.0004326641916
962	0.9999675648	0.0004326641916
963	0.9999675648	0.0004326641916
964	0.9999675648	0.0004326641916
965	0.9999675648	0.0004326641916
966	0.9999675648	0.0004326641916
967	0.9999675648	0.0004326641916
968	0.9999675648	0.0004326641916
969	0.9999675648	0.0004326641916
970	0.9999675648	0.0004326641916
971	0.9999675648	0.0004326641916
972	0.9999675648	0.0004326641916
973	0.9999675648	0.0004326641916
974	0.9999675648	0.0004326641916
975	0.9999675648	0.0004326641916
976	0.9999675648	0.0004326641916
977	0.9999675648	0.0004326641916
978	0.9999675648	0.0004326641916
979	0.9999675648	0.0004326641916
980	0.9999675648	0.0004326641916
981	0.9999675648	0.0004326641916
982	0.9999675648	0.0004326641916
983	0.9999675648	0.0004326641916
984	0.9999675648	0.0004326641916
985	0.9999675648	0.0004326641916
986	0.9999675648	0.0004326641916
987	0.9999675648	0.0004326641916
988	0.9999675648	0.0004326641916
989	0.9999675648	0.0004326641916
990	0.9999675648	0.0004326641916
991	0.9999675648	0.0004326641916
992	0.9999675648	0.0004326641916
993	0.9999675648	0.0004326641916
994	0.9999675648	0.0004326641916
995	0.9999675648	0.0004326641916
996	0.9999675648	0.0004326641916
997	0.9999675648	0.0004326641916
998	0.9999675648	0.0004326641916
999	0.9999675648	0.0004326641916
